"Id";"Designator";"Package";"Quantity";"Designation";"Supplier and ref";
1;"R21,R20,R19,R18";"R_0603_1608Metric";4;"470Ohms-±1%-1_10W-0603";;;
2;"Q4,Q3,Q2,Q1";"SOT-23";4;"AO3400A";;;
3;"D4,D3,D2,D1";"D_0603_1608Metric";4;"BLUE_LED";;;
4;"H4,H3,H2,H1";"MountingHole_2.5mm_Pad_Via";4;"MountingHole_Pad";;;
5;"R13,R12,R11,R10,R9,R8,R7,R6,R5,R4,R3,R2,R1";"R_0603_1608Metric";13;"10KOhms-±1%-1_10W-0603";;;
6;"J3,J2,J1,J0,I2C1,CTRL1";"PinHeader_1x04_P2.54mm_Vertical";6;"Conn_01x04";;;
7;"IC1";"SOIC-16_3.9x9.9mm_P1.27mm";1;"CD4052B";;;
8;"C4,C2";"C_0603_1608Metric";2;"10nF-50V-0603";;;
9;"C3,C1";"C_0603_1608Metric";2;"4.7nF-50V-0603";;;
